{"routers":{"logger_utils":{"name":"logger_utils","version":"2025-05-26T19:02:26","disableAuth":true},"telemetry_api":{"name":"telemetry_api","version":"2025-05-26T19:02:53","disableAuth":true},"fingerprint":{"name":"fingerprint","version":"2025-05-26T18:03:04","disableAuth":true},"domain_management_api":{"name":"domain_management_api","version":"2025-06-05T14:45:00.596000Z","disableAuth":true},"worker_logic":{"name":"worker_logic","version":"2025-05-27T22:17:13","disableAuth":true},"dashboard_metrics":{"name":"dashboard_metrics","version":"2025-05-26T19:11:38","disableAuth":true},"turnstile_api":{"name":"turnstile_api","version":"2025-06-03T18:05:59","disableAuth":false},"links":{"name":"links","version":"2025-05-27T14:03:33","disableAuth":true},"config_api":{"name":"config_api","version":"2025-06-03T11:56:04","disableAuth":true},"route_decision":{"name":"route_decision","version":"2025-06-02T20:52:30","disableAuth":true},"validation":{"name":"validation","version":"2025-05-27T14:03:33","disableAuth":true},"health":{"name":"health","version":"2025-05-26T17:49:03","disableAuth":true},"behavior":{"name":"behavior","version":"2025-05-26T17:50:05","disableAuth":true},"cloaking_decision_api":{"name":"cloaking_decision_api","version":"2025-06-04T15:16:46","disableAuth":false},"auth":{"name":"auth","version":"2025-05-27T14:13:58","disableAuth":true},"telemetry":{"name":"telemetry","version":"2025-05-26T18:16:09","disableAuth":true},"link_filters":{"name":"link_filters","version":"2025-05-27T14:43:57","disableAuth":true},"admin_tasks":{"name":"admin_tasks","version":"2025-05-26T19:03:27","disableAuth":true},"cloaking_orchestration_api":{"name":"cloaking_orchestration_api","version":"2025-06-05T13:43:49","disableAuth":false},"admin_simulation":{"name":"admin_simulation","version":"2025-05-26T18:34:27","disableAuth":true},"security_utils":{"name":"security_utils","version":"2025-05-27T19:10:16","disableAuth":true}}}